<?xml version="1.0" encoding="UTF-8"?>
<project-private xmlns="http://www.netbeans.org/ns/project-private/1">
    <editor-bookmarks xmlns="http://www.netbeans.org/ns/editor-bookmarks/2" lastBookmarkId="0"/>
    <open-files xmlns="http://www.netbeans.org/ns/projectui-open-files/2">
        <group>
            <file>file:/C:/Users/msoni/OneDrive/Documents/NetBeansProjects/MyProjectHMS/src/Project/tables.java</file>
            <file>file:/C:/Users/msoni/OneDrive/Documents/NetBeansProjects/MyProjectHMS/src/adminHome.java</file>
            <file>file:/C:/Users/msoni/OneDrive/Documents/NetBeansProjects/MyProjectHMS/src/forgotpassword.java</file>
            <file>file:/C:/Users/msoni/OneDrive/Documents/NetBeansProjects/MyProjectHMS/src/login.java</file>
            <file>file:/C:/Users/msoni/OneDrive/Documents/NetBeansProjects/MyProjectHMS/src/CustomersDetailsBill.java</file>
            <file>file:/C:/Users/msoni/OneDrive/Documents/NetBeansProjects/MyProjectHMS/src/signup.java</file>
            <file>file:/C:/Users/msoni/OneDrive/Documents/NetBeansProjects/MyProjectHMS/src/customerCheckOut.java</file>
            <file>file:/C:/Users/msoni/OneDrive/Documents/NetBeansProjects/MyProjectHMS/src/CustomerCheckIn.java</file>
            <file>file:/C:/Users/msoni/OneDrive/Documents/NetBeansProjects/MyProjectHMS/src/home.java</file>
        </group>
    </open-files>
</project-private>
